{"cameraMode":{"drawMode":0,"name":"Shaded","section":"Shading Mode"},"sceneLighting":false,"audioPlay":false,"sceneViewState":{"showFog":true,"showMaterialUpdate":true,"showSkybox":true,"showFlares":true,"showImageEffects":true,"showParticleSystems":true},"in2DMode":false,"pivot":{"x":-27.50320053100586,"y":47.64157485961914,"z":-74.10152435302735},"rotation":{"x":-0.24803675711154939,"y":-0.2516312003135681,"z":0.06688952445983887,"w":-0.9331090450286865},"size":3.6895124912261965,"orthographic":false}