{"cameraMode":{"drawMode":0,"name":"Shaded","section":"Shading Mode"},"sceneLighting":false,"audioPlay":false,"sceneViewState":{"showFog":true,"showMaterialUpdate":true,"showSkybox":true,"showFlares":true,"showImageEffects":true,"showParticleSystems":true},"in2DMode":false,"pivot":{"x":19.75750732421875,"y":63.327945709228519,"z":-49.05073547363281},"rotation":{"x":0.3835875689983368,"y":-0.5149053335189819,"z":0.2761751711368561,"w":0.7151710391044617},"size":2.8909389972686769,"orthographic":false}