{"cameraMode":{"drawMode":0,"name":"Shaded","section":"Shading Mode"},"sceneLighting":false,"audioPlay":false,"sceneViewState":{"showFog":true,"showMaterialUpdate":true,"showSkybox":true,"showFlares":true,"showImageEffects":true,"showParticleSystems":true},"in2DMode":false,"pivot":{"x":-2.221442937850952,"y":19.84710693359375,"z":-3.733377456665039},"rotation":{"x":-0.31317779421806338,"y":0.05977369099855423,"z":0.01975179649889469,"w":0.9476145505905151},"size":22.0,"orthographic":false}